ID,Customer_Name,Order_ID,Order_Date,Product,Category,Quantity,Price,Payment_Method,Status,Total
100,Customer_100,ORD-41285,2024-11-22,blender,home,3,38.0,cash on delivery,shipped,114.0
101,Customer_101,ORD-35783,2025-07-05,smartphone,electronics,2,,paypal,processing,
102,Customer_102,ORD-84355,2024-12-23,tennis racket,sports,1,389.05,paypal,delivered,389.05
103,Customer_103,ORD-57811,2025-03-19,science,books,5,233.92,paypal,processing,1169.6
104,Customer_104,ORD-93614,2025-10-20,biography,books,1,552.51,cash on delivery,processing,552.51
105,Customer_105,ORD-22442,2024-11-20,tennis racket,sports,3,122.06,cash on delivery,cancelled,366.18
106,Customer_106,ORD-25885,2025-02-02,blender,home,,978.63,bank transfer,processing,
107,Customer_107,ORD-89122,2025-01-03,biography,books,5,587.68,paypal,returned,2938.3999999999996
108,Customer_108,ORD-64400,2025-10-23,science,books,1,600.29,cash on delivery,processing,600.29
109,Customer_109,ORD-18512,2025-05-03,tennis racket,sports,5,168.34,credit card,shipped,841.7
110,Customer_110,ORD-61020,2025-09-26,basketball,sports,5,400.0,cash on delivery,cancelled,2000.0
111,Customer_111,ORD-72349,2025-10-22,comics,books,2,865.77,credit card,returned,1731.54
112,Customer_112,ORD-80867,2025-03-02,shoes,clothing,4,752.13,bank transfer,delivered,3008.52
113,Customer_113,ORD-23994,2025-07-24,fiction,books,1,411.81,credit card,processing,411.81
114,Customer_114,ORD-77417,2023-01-05,smartphone,electronics,2,413.13,cash on delivery,shipped,826.26
115,Customer_115,ORD-72778,2025-01-10,fiction,books,2,796.84,cash on delivery,returned,1593.68
116,Customer_116,ORD-63660,2025-10-30,microwave,home,4,,cash on delivery,processing,
117,Customer_117,ORD-72751,2025-02-12,blender,home,2,10000.0,cash on delivery,processing,20000.0
118,Customer_118,ORD-96061,2025-05-31,science,books,5,247.82,paypal,processing,1239.1
119,Customer_119,ORD-76016,2024-12-19,basketball,sports,4,438.19,cash on delivery,processing,1752.76
120,Customer_120,ORD-14659,2025-06-13,yoga mat,sports,5,300.0,credit card,cancelled,1500.0
121,Customer_121,ORD-80067,2025-10-11,basketball,sports,4,523.01,credit card,delivered,2092.04
122,Customer_122,ORD-21443,2025-05-16,microwave,home,2,556.93,paypal,shipped,1113.86
123,Customer_123,ORD-11314,2025-10-06,vacuum,home,3,615.91,cash on delivery,cancelled,1847.73
124,Customer_124,ORD-46136,2025-05-31,comics,books,5,,paypal,cancelled,
125,Customer_125,ORD-23202,2025-02-09,comics,books,4,765.69,paypal,shipped,3062.76
126,Customer_126,ORD-11261,2025-05-18,shoes,clothing,4,836.8,bank transfer,cancelled,3347.2
127,Customer_127,ORD-65482,2025-05-12,blender,home,5,336.02,bank transfer,returned,1680.1
128,Customer_128,ORD-12270,2024-11-10,lamp,home,3,898.69,bank transfer,delivered,2696.07
129,Customer_129,ORD-48863,2025-06-22,science,books,4,736.71,bank transfer,returned,2946.84
130,Customer_130,ORD-34007,2025-08-15,tennis racket,sports,2,,bank transfer,processing,
131,Customer_131,ORD-91396,2025-06-11,lamp,home,5,616.63,paypal,shipped,3083.15
132,Customer_132,ORD-40186,2025-04-02,yoga mat,sports,1,266.7,paypal,delivered,266.7
133,Customer_133,ORD-68182,2024-12-05,biography,books,5,343.24,credit card,shipped,1716.2
134,Customer_134,ORD-16585,2025-10-04,t-shirt,clothing,5,591.53,paypal,shipped,2957.6499999999996
135,Customer_135,ORD-33656,2025-02-09,smartwatch,electronics,4,446.19,cash on delivery,cancelled,1784.76
136,Customer_136,ORD-20985,2025-06-12,headphones,electronics,1,696.71,credit card,delivered,696.71
137,Customer_137,ORD-91254,2025-02-23,vacuum,home,3,100.0,cash on delivery,delivered,300.0
138,Customer_138,ORD-34319,2025-08-09,lamp,home,1,531.06,paypal,processing,531.06
139,Customer_139,ORD-38418,2025-02-09,smartphone,electronics,2,681.38,credit card,cancelled,1362.76
140,Customer_140,ORD-67096,2025-02-26,fiction,books,4,588.98,credit card,returned,2355.92
141,Customer_141,ORD-45059,2025-02-13,fiction,books,3,546.04,cash on delivery,returned,1638.12
142,Customer_142,ORD-69018,2025-10-30,shoes,clothing,5,645.26,credit card,shipped,3226.3
143,Customer_143,ORD-14329,2025-07-11,t-shirt,clothing,5,826.77,bank transfer,cancelled,4133.85
144,Customer_144,ORD-89452,2025-01-27,football,sports,5,849.07,bank transfer,processing,4245.35
145,Customer_145,ORD-75314,2023-05-01,laptop,electronics,2,860.99,bank transfer,returned,1721.98
146,Customer_146,ORD-32755,2025-07-09,basketball,sports,2,705.42,bank transfer,processing,1410.84
147,Customer_147,ORD-80707,2025-05-01,jacket,clothing,4,596.15,cash on delivery,shipped,2384.6
148,Customer_148,ORD-38423,2025-03-13,tennis racket,sports,1,660.98,cash on delivery,returned,660.98
149,Customer_149,ORD-95911,2025-06-29,comics,books,5,896.38,bank transfer,cancelled,4481.9
150,Customer_150,ORD-76902,2024-11-27,yoga mat,sports,1,206.19,credit card,returned,206.19
151,Customer_151,ORD-56552,2025-07-01,comics,books,2,457.16,paypal,processing,914.32
152,Customer_152,ORD-72869,2025-09-22,lamp,home,3,233.11,paypal,returned,699.33
153,Customer_153,ORD-29721,2025-07-16,yoga mat,sports,4,278.9,cash on delivery,processing,1115.6
154,Customer_154,ORD-95990,2025-02-21,blender,home,5,789.64,cash on delivery,cancelled,3948.2
155,Customer_155,ORD-20182,2025-05-01,shoes,clothing,1,40.95,paypal,returned,40.95
156,Customer_156,ORD-34679,2024-11-28,jeans,clothing,2,,bank transfer,shipped,
157,Customer_157,ORD-34407,2025-11-06,jacket,clothing,4,275.1,bank transfer,processing,1100.4
158,Customer_158,ORD-35817,2025-04-05,smartwatch,electronics,1,933.58,cash on delivery,shipped,933.58
159,Customer_159,ORD-98162,2025-07-28,microwave,home,3,163.16,paypal,shipped,489.48
160,Customer_160,ORD-96037,2025-01-03,science,books,5,242.52,cash on delivery,returned,1212.6000000000001
161,Customer_161,ORD-27653,2024-12-15,science,books,4,209.32,bank transfer,shipped,837.28
162,Customer_162,ORD-27743,2025-05-19,blender,home,2,155.76,credit card,returned,311.52
163,Customer_163,ORD-24378,2023-01-05,smartwatch,electronics,3,235.26,cash on delivery,shipped,705.78
164,Customer_164,ORD-23010,2025-02-09,tennis racket,sports,,587.64,credit card,returned,
165,Customer_165,ORD-55695,2024-11-08,shoes,clothing,2,443.13,credit card,delivered,886.26
166,Customer_166,ORD-97756,2025-07-03,t-shirt,clothing,2,569.38,cash on delivery,shipped,1138.76
167,Customer_167,ORD-30329,2025-08-07,basketball,sports,,593.93,cash on delivery,processing,
168,Customer_168,ORD-53430,2025-11-04,biography,books,2,141.49,paypal,cancelled,282.98
169,Customer_169,ORD-75539,2025-08-12,basketball,sports,1,582.13,credit card,returned,582.13
170,Customer_170,ORD-21530,2025-10-03,jeans,clothing,5,741.63,bank transfer,processing,3708.15
171,Customer_171,ORD-99790,2024-12-06,shoes,clothing,3,688.68,paypal,processing,2066.04
172,Customer_172,ORD-48008,2024-11-18,comics,books,2,942.76,bank transfer,returned,1885.52
173,Customer_173,ORD-42171,2025-10-11,lamp,home,5,351.89,credit card,shipped,1759.4499999999998
174,Customer_174,ORD-16766,2025-09-20,microwave,home,4,187.48,credit card,returned,749.92
175,Customer_175,ORD-56651,2025-02-24,headphones,electronics,1,111.36,credit card,processing,111.36
176,Customer_176,ORD-95794,2025-07-22,comics,books,5,530.52,cash on delivery,shipped,2652.6
177,Customer_177,ORD-64136,2025-07-28,laptop,electronics,1,69.48,bank transfer,returned,69.48
178,Customer_178,ORD-89906,2025-09-18,tennis racket,sports,3,472.14,paypal,returned,1416.42
179,Customer_179,ORD-99328,2025-09-03,yoga mat,sports,3,868.67,paypal,delivered,2606.0099999999998
180,Customer_180,ORD-86629,2025-03-26,laptop,electronics,2,418.38,credit card,processing,836.76
181,Customer_181,ORD-54481,2024-12-29,smartphone,electronics,1,266.48,cash on delivery,cancelled,266.48
182,Customer_182,ORD-79672,2025-08-03,shoes,clothing,4,538.35,paypal,processing,2153.4
183,Customer_183,ORD-20916,2025-03-10,shoes,clothing,5,,cash on delivery,returned,
184,Customer_184,ORD-67799,2025-02-15,jeans,clothing,4,101.19,bank transfer,processing,404.76
185,Customer_185,ORD-57123,2025-08-14,football,sports,2,730.92,cash on delivery,cancelled,1461.84
186,Customer_186,ORD-90569,2025-10-06,laptop,electronics,1,365.34,bank transfer,delivered,365.34
187,Customer_187,ORD-41292,2024-11-19,smartphone,electronics,3,882.96,bank transfer,returned,2648.88
188,Customer_188,ORD-58590,2024-11-19,microwave,home,5,504.05,cash on delivery,shipped,2520.25
189,Customer_189,ORD-30627,2025-08-14,lamp,home,1,814.68,cash on delivery,returned,814.68
190,Customer_190,ORD-38469,2025-06-29,vacuum,home,1,920.37,bank transfer,processing,920.37
191,Customer_191,ORD-41810,2025-07-18,fiction,books,2,881.02,cash on delivery,returned,1762.04
192,Customer_192,ORD-35144,,jacket,clothing,,203.63,credit card,returned,
193,Customer_193,ORD-42475,2025-06-06,basketball,sports,,522.02,paypal,shipped,
194,Customer_194,ORD-69764,2025-02-10,lamp,home,5,944.54,cash on delivery,returned,4722.7
195,Customer_195,ORD-82876,2025-06-19,biography,books,5,817.46,cash on delivery,returned,4087.3
196,Customer_196,ORD-78384,2024-12-23,vacuum,home,,,paypal,delivered,
197,Customer_197,ORD-79139,2025-06-23,blender,home,1,160.16,paypal,cancelled,160.16
198,Customer_198,ORD-14608,2025-07-27,vacuum,home,2,497.01,cash on delivery,shipped,994.02
199,Customer_199,ORD-82922,2025-01-22,blender,home,5,372.28,credit card,shipped,1861.3999999999999
